#,Transact. No.,Symbol,Buyer,Seller,Quantity,Rate,Amount
1,2025012205023754,BBC,14,72,10,"5,832.00","58,320.00"
2,2025012205024019,CHDC,96,82,492,"1,851.00","910,692.00"
3,2025012205024018,CHDC,96,90,20,"1,850.00","37,000.00"
4,2025012205024017,CHDC,96,41,46,"1,850.00","85,100.00"
5,2025012205024016,CHDC,96,14,70,"1,850.00","129,500.00"
6,2025012205024015,CHDC,96,22,50,"1,849.90","92,495.00"
7,2025012205024014,CHDC,96,34,90,"1,849.00","166,410.00"
8,2025012205023680,CHDC,39,4,100,"1,846.00","184,600.00"
9,2025012205023679,CHDC,39,4,100,"1,846.10","184,610.00"
10,2025012205023577,CHDC,39,28,99,"1,849.00","183,051.00"
11,2025012205023775,CHDC,39,71,100,"1,848.00","184,800.00"
12,2025012205023687,CHDC,39,50,470,"1,848.00","868,560.00"
13,2025012205023684,CHDC,59,4,189,"1,845.00","348,705.00"
14,2025012205023683,CHDC,59,4,100,"1,845.00","184,500.00"
15,2025012205023682,CHDC,96,4,96,"1,845.00","177,120.00"
16,2025012205023681,CHDC,39,4,200,"1,845.10","369,020.00"
17,2025012205024013,CHDC,96,69,12,"1,848.00","22,176.00"
18,2025012205024012,CHDC,96,14,220,"1,848.00","406,560.00"
19,2025012205023956,CHDC,39,14,180,"1,848.00","332,640.00"
20,2025012205023947,CHDC,36,34,10,"1,849.00","18,490.00"
21,2025012205023923,CHDC,39,86,120,"1,848.00","221,760.00"
22,2025012205023885,CHDC,39,14,100,"1,848.00","184,800.00"
23,2025012205023914,CIT,61,57,10,"2,009.00","20,090.00"
24,2025012205023580,CIT,61,71,22,"2,008.00","44,176.00"
25,2025012205024062,CLI,95,39,10,710.50,"7,105.00"
26,2025012205023951,CLI,18,67,10,710.50,"7,105.00"
27,2025012205023946,CLI,66,45,10,710.00,"7,100.00"
28,2025012205023918,CLI,66,28,10,710.00,"7,100.00"
29,2025012205023917,CLI,66,42,41,710.00,"29,110.00"
30,2025012205023916,CLI,66,45,10,710.00,"7,100.00"
31,2025012205023596,CLI,18,17,25,710.00,"17,750.00"
32,2025012205023595,CLI,18,43,15,709.90,"10,648.50"
33,2025012205023594,CLI,18,48,10,708.90,"7,089.00"
34,2025012205023591,CLI,32,21,10,708.00,"7,080.00"
35,2025012205023915,CLI,66,7,80,710.00,"56,800.00"
36,2025012205023800,CLI,18,7,10,710.00,"7,100.00"
37,2025012205023708,CLI,18,7,10,710.00,"7,100.00"
38,2025012205023648,CLI,18,17,10,710.00,"7,100.00"
39,2025012205023624,CLI,32,58,10,708.00,"7,080.00"
40,2025012205023609,CLI,32,45,10,708.00,"7,080.00"
41,2025012205023886,ENL,58,60,10,"1,221.00","12,210.00"
42,2025012205024011,GCIL,22,45,100,509.10,"50,910.00"
43,2025012205023961,GCIL,56,77,11,511.00,"5,621.00"
44,2025012205023960,GCIL,56,49,40,510.00,"20,400.00"
45,2025012205023688,GCIL,45,57,20,509.30,"10,186.00"
46,2025012205023604,GCIL,45,29,23,509.40,"11,716.20"
47,2025012205023761,GCIL,56,21,11,509.30,"5,602.30"
48,2025012205023689,GCIL,56,57,280,509.30,"142,604.00"
49,2025012205023818,GCIL,22,45,"1,000",509.10,"509,100.00"
50,2025012205023806,GCIL,56,38,200,509.30,"101,860.00"
51,2025012205023959,GCIL,56,58,23,510.00,"11,730.00"
52,2025012205023958,GCIL,56,39,61,510.00,"31,110.00"
53,2025012205023957,GCIL,56,37,11,509.90,"5,608.90"
54,2025012205023954,HATHY,49,58,120,"1,403.20","168,384.00"
55,2025012205023911,HATHY,38,44,15,"1,406.00","21,090.00"
56,2025012205023817,HATHY,49,45,50,"1,403.20","70,160.00"
57,2025012205023816,HATHY,49,45,50,"1,403.30","70,165.00"
58,2025012205023815,HATHY,56,45,100,"1,405.00","140,500.00"
59,2025012205023696,HATHY,55,35,12,"1,406.00","16,872.00"
60,2025012205023678,HATHY,55,5,24,"1,406.00","33,744.00"
61,2025012205023676,HATHY,55,39,50,"1,406.00","70,300.00"
62,2025012205023615,HATHY,55,58,10,"1,406.00","14,060.00"
63,2025012205023613,HATHY,14,4,145,"1,404.00","203,580.00"
64,2025012205023601,HATHY,14,57,76,"1,404.00","106,704.00"
65,2025012205023762,HDL,56,45,10,"1,181.90","11,819.00"
66,2025012205023905,HDL,1,18,15,"1,181.00","17,715.00"
67,2025012205023894,HDL,1,48,35,"1,181.00","41,335.00"
68,2025012205023893,HDL,58,48,65,"1,181.00","76,765.00"
69,2025012205023807,HDL,34,45,24,"1,181.10","28,346.40"
70,2025012205023908,HDL,42,18,25,"1,181.00","29,525.00"
71,2025012205023907,HDL,34,18,20,"1,181.00","23,620.00"
72,2025012205023906,HDL,49,18,40,"1,181.00","47,240.00"
73,2025012205023903,HIDCL,49,18,100,257.00,"25,700.00"
74,2025012205023891,HIDCL,26,18,120,257.00,"30,840.00"
75,2025012205023890,HIDCL,81,18,480,257.00,"123,360.00"
76,2025012205023707,HIDCL,81,40,20,257.00,"5,140.00"
77,2025012205023706,HIDCL,26,40,100,257.00,"25,700.00"
78,2025012205023705,HIDCL,67,40,380,257.00,"97,660.00"
79,2025012205023573,HIDCL,67,34,85,257.00,"21,845.00"
80,2025012205023629,HIDCL,67,42,226,257.00,"58,082.00"
81,2025012205023619,HIDCL,22,45,10,257.10,"2,571.00"
82,2025012205023616,HIDCL,67,38,80,257.00,"20,560.00"
83,2025012205023590,HIDCL,67,41,60,257.00,"15,420.00"
84,2025012205023575,HIDCL,67,21,139,257.00,"35,723.00"
85,2025012205023574,HIDCL,67,48,500,257.00,"128,500.00"
86,2025012205023701,HIDCL,58,28,200,257.80,"51,560.00"
87,2025012205023690,HIDCL,67,21,30,257.00,"7,710.00"
88,2025012205023686,HIDCL,58,28,390,257.80,"100,542.00"
89,2025012205023668,HIDCL,67,52,500,257.00,"128,500.00"
90,2025012205023647,HIDCL,91,28,250,257.80,"64,450.00"
91,2025012205023646,HIDCL,91,22,50,257.70,"12,885.00"
92,2025012205024056,HRL,14,44,150,876.00,"131,400.00"
93,2025012205024055,HRL,14,63,100,876.00,"87,600.00"
94,2025012205024054,HRL,14,53,10,876.00,"8,760.00"
95,2025012205024053,HRL,14,38,50,876.00,"43,800.00"
96,2025012205024052,HRL,14,63,300,876.00,"262,800.00"
97,2025012205024051,HRL,14,56,20,876.00,"17,520.00"
98,2025012205023692,HRL,28,22,50,874.90,"43,745.00"
99,2025012205023675,HRL,38,22,50,874.90,"43,745.00"
100,2025012205023667,HRL,39,34,20,874.50,"17,490.00"
101,2025012205023620,HRL,39,47,31,874.50,"27,109.50"
102,2025012205023603,HRL,39,56,10,874.50,"8,745.00"
103,2025012205023589,HRL,13,45,100,874.10,"87,410.00"
104,2025012205023717,HRL,49,21,31,875.00,"27,125.00"
105,2025012205023716,HRL,49,13,10,875.00,"8,750.00"
106,2025012205023715,HRL,49,16,115,875.00,"100,625.00"
107,2025012205023714,HRL,49,45,71,875.00,"62,125.00"
108,2025012205023694,HRL,28,45,41,875.00,"35,875.00"
109,2025012205023693,HRL,28,34,10,874.90,"8,749.00"
110,2025012205023765,HRL,50,49,250,874.60,"218,650.00"
111,2025012205023757,HRL,65,45,16,874.60,"13,993.60"
112,2025012205023721,HRL,49,51,10,875.00,"8,750.00"
113,2025012205023720,HRL,49,44,20,875.00,"17,500.00"
114,2025012205023719,HRL,49,7,20,875.00,"17,500.00"
115,2025012205023718,HRL,49,35,20,875.00,"17,500.00"
116,2025012205023776,HRL,50,47,10,874.60,"8,746.00"
117,2025012205023774,HRL,50,34,10,874.60,"8,746.00"
118,2025012205023771,HRL,50,19,10,874.60,"8,746.00"
119,2025012205023770,HRL,47,34,10,875.00,"8,750.00"
120,2025012205023769,HRL,47,36,20,875.00,"17,500.00"
121,2025012205023768,HRL,47,58,20,874.90,"17,498.00"
122,2025012205023801,HRL,50,22,45,874.60,"39,357.00"
123,2025012205023922,HRL,39,94,325,874.50,"284,212.50"
124,2025012205023921,HRL,34,94,500,874.60,"437,300.00"
125,2025012205023920,HRL,50,94,175,874.60,"153,055.00"
126,2025012205024007,HRL,39,28,10,875.00,"8,750.00"
127,2025012205024006,HRL,39,53,20,875.00,"17,500.00"
128,2025012205024005,HRL,39,34,40,875.00,"35,000.00"
129,2025012205024004,HRL,39,47,10,874.60,"8,746.00"
130,2025012205024032,HRL,14,59,30,874.90,"26,247.00"
131,2025012205024009,HRL,39,45,10,875.00,"8,750.00"
132,2025012205024008,HRL,39,42,10,875.00,"8,750.00"
133,2025012205024038,HRL,14,52,10,875.00,"8,750.00"
134,2025012205024037,HRL,14,42,10,875.00,"8,750.00"
135,2025012205024036,HRL,14,98,20,875.00,"17,500.00"
136,2025012205024035,HRL,14,63,100,875.00,"87,500.00"
137,2025012205024034,HRL,14,21,52,875.00,"45,500.00"
138,2025012205024033,HRL,14,45,190,875.00,"166,250.00"
139,2025012205024044,HRL,14,42,10,876.00,"8,760.00"
140,2025012205024043,HRL,14,49,20,876.00,"17,520.00"
141,2025012205024042,HRL,14,46,10,876.00,"8,760.00"
142,2025012205024041,HRL,14,54,31,876.00,"27,156.00"
143,2025012205024040,HRL,14,50,160,876.00,"140,160.00"
144,2025012205024039,HRL,14,57,10,875.50,"8,755.00"
145,2025012205024050,HRL,14,55,250,876.00,"219,000.00"
146,2025012205024049,HRL,14,57,100,876.00,"87,600.00"
147,2025012205024048,HRL,14,55,31,876.00,"27,156.00"
148,2025012205024047,HRL,14,55,31,876.00,"27,156.00"
149,2025012205024046,HRL,14,16,70,876.00,"61,320.00"
150,2025012205024045,HRL,14,21,20,876.00,"17,520.00"
151,2025012205023988,ILI,33,38,200,492.10,"98,420.00"
152,2025012205023912,ILI,33,42,12,492.10,"5,905.20"
153,2025012205023901,ILI,33,57,10,492.10,"4,921.00"
154,2025012205023809,ILI,33,29,409,492.10,"201,268.90"
155,2025012205023808,ILI,17,29,37,492.20,"18,211.40"
156,2025012205023773,ILI,17,55,10,492.20,"4,922.00"
157,2025012205023685,ILI,17,58,12,492.20,"5,906.40"
158,2025012205023617,ILI,38,58,20,493.00,"9,860.00"
159,2025012205023611,ILI,17,4,287,492.20,"141,261.40"
160,2025012205023610,ILI,19,4,450,492.30,"221,535.00"
161,2025012205023581,ILI,19,53,50,492.30,"24,615.00"
162,2025012205023600,KEF,34,77,100,9.16,916.00
163,2025012205023888,MBJC,67,34,50,357.50,"17,875.00"
164,2025012205023799,MBJC,67,45,10,357.50,"3,575.00"
165,2025012205023772,MBJC,67,19,10,357.50,"3,575.00"
166,2025012205023711,MBJC,67,14,80,357.50,"28,600.00"
167,2025012205023665,MBJC,44,44,41,358.00,"14,678.00"
168,2025012205023664,MBJC,44,56,50,358.00,"17,900.00"
169,2025012205023633,MBJC,45,52,30,357.50,"10,725.00"
170,2025012205023623,MBJC,45,40,80,357.60,"28,608.00"
171,2025012205023579,MBJC,47,44,275,357.90,"98,422.50"
172,2025012205023578,MBJC,47,14,25,357.80,"8,945.00"
173,2025012205023663,MBJC,44,38,50,358.00,"17,900.00"
174,2025012205023662,MBJC,44,42,10,358.00,"3,580.00"
175,2025012205023661,MBJC,44,44,25,357.90,"8,947.50"
176,2025012205023660,MBJC,44,40,61,357.60,"21,813.60"
177,2025012205023659,MBJC,57,40,176,357.60,"62,937.60"
178,2025012205023634,MBJC,47,52,60,357.40,"21,444.00"
179,2025012205023585,MEL,20,43,200,359.00,"71,800.00"
180,2025012205023572,MEL,36,56,10,358.00,"3,580.00"
181,2025012205023899,MEL,45,29,33,357.10,"11,784.30"
182,2025012205023898,MEL,91,29,300,357.20,"107,160.00"
183,2025012205023897,MEL,66,29,100,358.00,"35,800.00"
184,2025012205023896,MEL,36,29,267,358.00,"95,586.00"
185,2025012205023895,MEL,65,29,300,358.10,"107,430.00"
186,2025012205023966,MEL,55,16,40,360.00,"14,400.00"
187,2025012205023965,MEL,55,19,10,359.50,"3,595.00"
188,2025012205023964,MEL,55,6,10,359.00,"3,590.00"
189,2025012205023972,MEL,55,34,200,361.00,"72,200.00"
190,2025012205023971,MEL,55,45,"1,400",360.00,"504,000.00"
191,2025012205023970,MEL,55,49,48,360.00,"17,280.00"
192,2025012205023969,MEL,55,45,500,360.00,"180,000.00"
193,2025012205023968,MEL,55,42,10,360.00,"3,600.00"
194,2025012205023967,MEL,55,34,10,360.00,"3,600.00"
195,2025012205023978,MEL,55,5,90,362.90,"32,661.00"
196,2025012205023977,MEL,55,42,600,362.00,"217,200.00"
197,2025012205023976,MEL,55,49,10,362.00,"3,620.00"
198,2025012205023975,MEL,55,21,46,361.00,"16,606.00"
199,2025012205023974,MEL,55,16,200,361.00,"72,200.00"
200,2025012205023973,MEL,55,64,"1,340",361.00,"483,740.00"
201,2025012205023984,MEL,55,45,500,363.20,"181,600.00"
202,2025012205023983,MEL,55,56,10,363.20,"3,632.00"
203,2025012205023982,MEL,55,49,10,363.00,"3,630.00"
204,2025012205023981,MEL,55,45,99,363.00,"35,937.00"
205,2025012205023980,MEL,55,34,280,363.00,"101,640.00"
206,2025012205023979,MEL,55,55,10,363.00,"3,630.00"
207,2025012205023986,MEL,55,17,77,363.50,"27,989.50"
208,2025012205023985,MEL,55,59,500,363.40,"181,700.00"
209,2025012205024029,MEL,45,29,320,357.10,"114,272.00"
210,2025012205024023,MEL,64,17,30,363.50,"10,905.00"
211,2025012205024022,MEL,34,17,30,363.50,"10,905.00"
212,2025012205023699,NBF3,43,4,"3,000",9.08,"27,240.00"
213,2025012205024060,NIFRA,17,38,180,266.00,"47,880.00"
214,2025012205024059,NIFRA,17,26,250,266.00,"66,500.00"
215,2025012205024058,NIFRA,17,48,500,265.80,"132,900.00"
216,2025012205023887,NIFRA,68,26,250,266.00,"66,500.00"
217,2025012205023823,NIFRA,25,55,50,265.00,"13,250.00"
218,2025012205023822,NIFRA,57,55,"1,000",265.00,"265,000.00"
219,2025012205023626,NIFRA,43,28,603,265.90,"160,337.70"
220,2025012205023625,NIFRA,43,49,54,265.50,"14,337.00"
221,2025012205023602,NIFRA,21,49,30,265.00,"7,950.00"
222,2025012205023571,NIFRA,6,28,397,265.90,"105,562.30"
223,2025012205023570,NIFRA,6,58,103,265.90,"27,387.70"
224,2025012205023697,NIFRA,17,42,200,265.00,"53,000.00"
225,2025012205023638,NIFRA,58,59,280,264.80,"74,144.00"
226,2025012205023637,NIFRA,4,59,50,265.00,"13,250.00"
227,2025012205023636,NIFRA,21,59,170,265.00,"45,050.00"
228,2025012205023628,NIFRA,43,13,279,265.90,"74,186.10"
229,2025012205023627,NIFRA,43,42,64,265.90,"17,017.60"
230,2025012205023758,NIFRA,40,13,100,265.90,"26,590.00"
231,2025012205023753,NIFRA,45,54,64,265.00,"16,960.00"
232,2025012205023723,NIFRA,45,6,200,265.00,"53,000.00"
233,2025012205023722,NIFRA,45,51,200,265.00,"53,000.00"
234,2025012205023713,NIFRA,45,36,32,265.00,"8,480.00"
235,2025012205023712,NIFRA,17,36,100,265.00,"26,500.00"
236,2025012205023821,NIFRA,45,55,"3,504",265.00,"928,560.00"
237,2025012205023820,NIFRA,6,55,416,265.10,"110,281.60"
238,2025012205023819,NIFRA,16,55,30,265.90,"7,977.00"
239,2025012205023780,NIFRA,16,29,83,265.90,"22,069.70"
240,2025012205023779,NIFRA,16,13,187,265.90,"49,723.30"
241,2025012205023759,NIFRA,45,36,"1,000",265.00,"265,000.00"
242,2025012205024020,NMB50,17,46,200,10.23,"2,046.00"
243,2025012205024003,NRIC,6,34,100,920.00,"92,000.00"
244,2025012205023909,NRIC,6,94,10,920.00,"9,200.00"
245,2025012205023904,NRIC,6,39,10,920.00,"9,200.00"
246,2025012205023902,NRIC,6,57,300,920.00,"276,000.00"
247,2025012205023892,NRIC,6,48,100,920.00,"92,000.00"
248,2025012205023882,NRIC,6,54,53,920.00,"48,760.00"
249,2025012205023639,NRIC,38,22,15,905.10,"13,576.50"
250,2025012205023607,NRIC,38,38,10,905.10,"9,051.00"
251,2025012205023587,NRIC,6,26,10,909.00,"9,090.00"
252,2025012205023710,NRIC,52,55,325,905.00,"294,125.00"
253,2025012205023709,NRIC,40,55,70,906.00,"63,420.00"
254,2025012205023700,NRIC,40,54,30,905.10,"27,153.00"
255,2025012205023695,NRIC,52,10,35,905.00,"31,675.00"
256,2025012205023677,NRIC,52,44,53,905.00,"47,965.00"
257,2025012205023640,NRIC,52,22,85,905.00,"76,925.00"
258,2025012205023731,NRIC,6,14,10,910.00,"9,100.00"
259,2025012205023730,NRIC,6,45,43,910.00,"39,130.00"
260,2025012205023729,NRIC,6,47,200,910.00,"182,000.00"
261,2025012205023728,NRIC,6,52,100,909.90,"90,990.00"
262,2025012205023727,NRIC,6,6,13,909.00,"11,817.00"
263,2025012205023726,NRIC,6,26,21,909.00,"19,089.00"
264,2025012205023737,NRIC,6,34,50,910.00,"45,500.00"
265,2025012205023736,NRIC,6,58,83,910.00,"75,530.00"
266,2025012205023735,NRIC,6,43,10,910.00,"9,100.00"
267,2025012205023734,NRIC,6,6,10,910.00,"9,100.00"
268,2025012205023733,NRIC,6,59,30,910.00,"27,300.00"
269,2025012205023732,NRIC,6,13,30,910.00,"27,300.00"
270,2025012205023743,NRIC,6,57,20,910.00,"18,200.00"
271,2025012205023742,NRIC,6,36,123,910.00,"111,930.00"
272,2025012205023741,NRIC,6,57,100,910.00,"91,000.00"
273,2025012205023740,NRIC,6,42,500,910.00,"455,000.00"
274,2025012205023739,NRIC,6,34,10,910.00,"9,100.00"
275,2025012205023738,NRIC,6,54,56,910.00,"50,960.00"
276,2025012205023749,NRIC,6,45,66,912.00,"60,192.00"
277,2025012205023748,NRIC,6,16,10,912.00,"9,120.00"
278,2025012205023747,NRIC,6,17,100,911.90,"91,190.00"
279,2025012205023746,NRIC,6,26,100,911.80,"91,180.00"
280,2025012205023745,NRIC,6,38,53,910.00,"48,230.00"
281,2025012205023744,NRIC,6,47,104,910.00,"94,640.00"
282,2025012205023827,NRIC,6,88,13,915.00,"11,895.00"
283,2025012205023826,NRIC,6,36,70,913.00,"63,910.00"
284,2025012205023760,NRIC,6,34,50,912.00,"45,600.00"
285,2025012205023755,NRIC,6,59,50,912.00,"45,600.00"
286,2025012205023751,NRIC,6,47,102,912.00,"93,024.00"
287,2025012205023750,NRIC,6,48,50,912.00,"45,600.00"
288,2025012205023833,NRIC,6,42,11,915.00,"10,065.00"
289,2025012205023832,NRIC,6,59,657,915.00,"601,155.00"
290,2025012205023831,NRIC,6,11,390,915.00,"356,850.00"
291,2025012205023830,NRIC,6,38,50,915.00,"45,750.00"
292,2025012205023829,NRIC,6,34,53,915.00,"48,495.00"
293,2025012205023828,NRIC,6,11,50,915.00,"45,750.00"
294,2025012205023839,NRIC,6,17,230,917.00,"210,910.00"
295,2025012205023838,NRIC,6,25,53,915.70,"48,532.10"
296,2025012205023837,NRIC,6,41,50,915.10,"45,755.00"
297,2025012205023836,NRIC,6,34,150,915.00,"137,250.00"
298,2025012205023835,NRIC,6,22,100,915.00,"91,500.00"
299,2025012205023834,NRIC,6,58,27,915.00,"24,705.00"
300,2025012205023845,NRIC,6,36,10,919.00,"9,190.00"
301,2025012205023844,NRIC,6,48,100,918.00,"91,800.00"
302,2025012205023843,NRIC,6,19,200,918.00,"183,600.00"
303,2025012205023842,NRIC,6,4,93,918.00,"85,374.00"
304,2025012205023841,NRIC,6,41,67,918.00,"61,506.00"
305,2025012205023840,NRIC,6,51,200,918.00,"183,600.00"
306,2025012205023851,NRIC,6,57,200,920.00,"184,000.00"
307,2025012205023850,NRIC,6,34,10,920.00,"9,200.00"
308,2025012205023849,NRIC,6,44,30,919.90,"27,597.00"
309,2025012205023848,NRIC,6,34,34,919.00,"31,246.00"
310,2025012205023847,NRIC,6,25,501,919.00,"460,419.00"
311,2025012205023846,NRIC,6,25,20,919.00,"18,380.00"
312,2025012205023857,NRIC,6,74,53,920.00,"48,760.00"
313,2025012205023856,NRIC,6,90,100,920.00,"92,000.00"
314,2025012205023855,NRIC,6,1,50,920.00,"46,000.00"
315,2025012205023854,NRIC,6,58,20,920.00,"18,400.00"
316,2025012205023853,NRIC,6,55,"1,000",920.00,"920,000.00"
317,2025012205023852,NRIC,6,21,10,920.00,"9,200.00"
318,2025012205023863,NRIC,6,16,109,920.00,"100,280.00"
319,2025012205023862,NRIC,6,58,20,920.00,"18,400.00"
320,2025012205023861,NRIC,6,21,11,920.00,"10,120.00"
321,2025012205023860,NRIC,6,1,53,920.00,"48,760.00"
322,2025012205023859,NRIC,6,55,20,920.00,"18,400.00"
323,2025012205023858,NRIC,6,25,400,920.00,"368,000.00"
324,2025012205023869,NRIC,6,1,10,920.00,"9,200.00"
325,2025012205023868,NRIC,6,6,300,920.00,"276,000.00"
326,2025012205023867,NRIC,6,17,17,920.00,"15,640.00"
327,2025012205023866,NRIC,6,49,50,920.00,"46,000.00"
328,2025012205023865,NRIC,6,29,300,920.00,"276,000.00"
329,2025012205023864,NRIC,6,45,100,920.00,"92,000.00"
330,2025012205023875,NRIC,6,47,400,920.00,"368,000.00"
331,2025012205023874,NRIC,6,44,628,920.00,"577,760.00"
332,2025012205023873,NRIC,6,25,134,920.00,"123,280.00"
333,2025012205023872,NRIC,6,45,100,920.00,"92,000.00"
334,2025012205023871,NRIC,6,41,400,920.00,"368,000.00"
335,2025012205023870,NRIC,6,45,34,920.00,"31,280.00"
336,2025012205023881,NRIC,6,84,50,920.00,"46,000.00"
337,2025012205023880,NRIC,6,42,200,920.00,"184,000.00"
338,2025012205023879,NRIC,6,63,250,920.00,"230,000.00"
339,2025012205023878,NRIC,6,6,300,920.00,"276,000.00"
340,2025012205023877,NRIC,6,1,12,920.00,"11,040.00"
341,2025012205023876,NRIC,6,38,19,920.00,"17,480.00"
342,2025012205024069,NRM,59,57,100,505.00,"50,500.00"
343,2025012205024068,NRM,45,57,10,505.00,"5,050.00"
344,2025012205024067,NRM,49,57,390,506.00,"197,340.00"
345,2025012205024066,NRM,42,57,150,506.00,"75,900.00"
346,2025012205024065,NRM,28,57,100,506.20,"50,620.00"
347,2025012205024064,NRM,7,57,50,507.00,"25,350.00"
348,2025012205023781,NRM,58,58,30,510.50,"15,315.00"
349,2025012205023703,NRM,53,58,90,511.00,"45,990.00"
350,2025012205023702,NRM,53,62,10,510.50,"5,105.00"
351,2025012205023787,NRM,58,36,10,511.00,"5,110.00"
352,2025012205023786,NRM,58,58,20,511.00,"10,220.00"
353,2025012205023785,NRM,58,81,150,511.00,"76,650.00"
354,2025012205023784,NRM,58,59,10,511.00,"5,110.00"
355,2025012205023783,NRM,58,39,565,511.00,"288,715.00"
356,2025012205023782,NRM,58,58,128,511.00,"65,408.00"
357,2025012205023793,NRM,58,55,10,513.00,"5,130.00"
358,2025012205023792,NRM,58,35,10,513.00,"5,130.00"
359,2025012205023791,NRM,58,36,900,512.50,"461,250.00"
360,2025012205023790,NRM,58,48,300,512.00,"153,600.00"
361,2025012205023789,NRM,58,49,10,511.00,"5,110.00"
362,2025012205023788,NRM,58,32,51,511.00,"26,061.00"
363,2025012205023810,NRM,39,21,100,510.10,"51,010.00"
364,2025012205023798,NRM,58,42,54,513.90,"27,750.60"
365,2025012205023797,NRM,58,38,10,513.90,"5,139.00"
366,2025012205023796,NRM,58,58,500,513.70,"256,850.00"
367,2025012205023795,NRM,58,41,232,513.00,"119,016.00"
368,2025012205023794,NRM,58,41,10,513.00,"5,130.00"
369,2025012205024063,NRM,55,57,50,507.00,"25,350.00"
370,2025012205023962,NRM,49,19,130,510.00,"66,300.00"
371,2025012205023953,NRM,58,19,870,510.00,"443,700.00"
372,2025012205023952,NRM,58,43,130,510.00,"66,300.00"
373,2025012205023884,NRM,8,43,200,510.00,"102,000.00"
374,2025012205023883,NRM,39,43,70,510.10,"35,707.00"
375,2025012205024061,NRN,60,77,50,"1,207.80","60,390.00"
376,2025012205024031,NRN,50,77,10,"1,207.80","12,078.00"
377,2025012205024030,NRN,50,77,10,"1,207.80","12,078.00"
378,2025012205023674,NRN,71,95,60,"1,200.00","72,000.00"
379,2025012205023618,NRN,36,44,10,"1,201.00","12,010.00"
380,2025012205023767,NRN,42,95,28,"1,200.00","33,600.00"
381,2025012205023764,NRN,65,26,200,"1,199.00","239,800.00"
382,2025012205023763,NRN,51,26,200,"1,199.00","239,800.00"
383,2025012205023925,NRN,58,45,175,"1,201.00","210,175.00"
384,2025012205023924,NRN,58,58,106,"1,200.00","127,200.00"
385,2025012205023919,NRN,65,44,140,"1,199.00","167,860.00"
386,2025012205023931,NRN,58,49,35,"1,205.00","42,175.00"
387,2025012205023930,NRN,58,45,218,"1,205.00","262,690.00"
388,2025012205023929,NRN,58,95,12,"1,204.00","14,448.00"
389,2025012205023928,NRN,58,25,50,"1,204.00","60,200.00"
390,2025012205023927,NRN,58,8,200,"1,203.00","240,600.00"
391,2025012205023926,NRN,58,53,100,"1,202.00","120,200.00"
392,2025012205023937,NRN,58,45,50,"1,205.00","60,250.00"
393,2025012205023936,NRN,58,7,10,"1,205.00","12,050.00"
394,2025012205023935,NRN,58,55,100,"1,205.00","120,500.00"
395,2025012205023934,NRN,58,39,10,"1,205.00","12,050.00"
396,2025012205023933,NRN,58,45,38,"1,205.00","45,790.00"
397,2025012205023932,NRN,58,8,200,"1,205.00","241,000.00"
398,2025012205023943,NRN,58,16,10,"1,207.00","12,070.00"
399,2025012205023942,NRN,58,34,150,"1,206.00","180,900.00"
400,2025012205023941,NRN,58,17,10,"1,206.00","12,060.00"
401,2025012205023940,NRN,58,38,100,"1,205.00","120,500.00"
402,2025012205023939,NRN,58,29,100,"1,205.00","120,500.00"
403,2025012205023938,NRN,58,45,50,"1,205.00","60,250.00"
404,2025012205023955,NRN,65,39,100,"1,199.00","119,900.00"
405,2025012205023945,NRN,58,77,176,"1,207.80","212,572.80"
406,2025012205023944,NRN,58,45,100,"1,207.00","120,700.00"
407,2025012205023950,NTC,51,16,160,916.80,"146,688.00"
408,2025012205023949,NTC,51,49,100,916.60,"91,660.00"
409,2025012205023948,NTC,51,49,50,916.00,"45,800.00"
410,2025012205023910,NTC,55,49,50,916.00,"45,800.00"
411,2025012205023825,NTC,58,49,100,916.00,"91,600.00"
412,2025012205023756,NTC,38,6,50,916.00,"45,800.00"
413,2025012205023608,NTC,59,6,200,915.00,"183,000.00"
414,2025012205023606,NTC,58,6,10,916.00,"9,160.00"
415,2025012205023593,NTC,62,6,20,916.00,"18,320.00"
416,2025012205023583,NTC,51,57,12,916.50,"10,998.00"
417,2025012205023582,NTC,51,42,130,916.00,"119,080.00"
418,2025012205023704,NTC,35,16,160,916.80,"146,688.00"
419,2025012205023669,NTC,59,6,100,915.00,"91,500.00"
420,2025012205023645,NTC,51,58,10,916.70,"9,167.00"
421,2025012205023644,NTC,51,55,90,916.70,"82,503.00"
422,2025012205023643,NTC,51,67,14,916.70,"12,833.80"
423,2025012205023642,NTC,51,6,20,916.00,"18,320.00"
424,2025012205023814,PHCL,65,36,130,584.70,"76,011.00"
425,2025012205023813,PHCL,65,17,20,584.50,"11,690.00"
426,2025012205023812,PHCL,65,5,100,584.00,"58,400.00"
427,2025012205023811,PHCL,65,57,400,583.90,"233,560.00"
428,2025012205023752,PHCL,66,57,100,583.90,"58,390.00"
429,2025012205023632,PHCL,65,63,31,584.00,"18,104.00"
430,2025012205023631,PHCL,65,57,369,583.90,"215,459.10"
431,2025012205023630,PHCL,65,44,100,583.80,"58,380.00"
432,2025012205023599,PHCL,65,57,400,583.90,"233,560.00"
433,2025012205023598,PHCL,65,17,100,583.80,"58,380.00"
434,2025012205023597,PHCL,65,83,500,583.00,"291,500.00"
435,2025012205024021,RNLI,36,35,20,526.80,"10,536.00"
436,2025012205023778,RNLI,34,45,192,527.00,"101,184.00"
437,2025012205023777,RNLI,36,58,11,526.80,"5,794.80"
438,2025012205023724,RNLI,54,45,10,527.00,"5,270.00"
439,2025012205023698,RNLI,51,45,300,527.00,"158,100.00"
440,2025012205023670,RNLI,51,65,100,527.00,"52,700.00"
441,2025012205023635,RNLI,33,65,100,527.80,"52,780.00"
442,2025012205024028,SAHAS,21,45,25,491.00,"12,275.00"
443,2025012205024027,SAHAS,56,45,53,491.00,"26,023.00"
444,2025012205024026,SAHAS,49,45,100,491.00,"49,100.00"
445,2025012205024025,SAHAS,5,45,20,491.00,"9,820.00"
446,2025012205024024,SAHAS,58,45,35,491.10,"17,188.50"
447,2025012205023913,SAHAS,38,58,10,492.00,"4,920.00"
448,2025012205023671,SAHAS,5,37,230,491.00,"112,930.00"
449,2025012205023641,SAHAS,45,37,20,491.00,"9,820.00"
450,2025012205023588,SAHAS,41,37,200,491.00,"98,200.00"
451,2025012205023576,SAHAS,41,37,50,491.00,"24,550.00"
452,2025012205023889,SHIVM,45,3,24,555.30,"13,327.20"
453,2025012205023673,SHIVM,13,19,10,557.00,"5,570.00"
454,2025012205023672,SHIVM,50,19,70,557.00,"38,990.00"
455,2025012205023592,SHIVM,50,13,30,557.00,"16,710.00"
456,2025012205023900,SMJC,5,28,10,572.00,"5,720.00"
457,2025012205023805,SMJC,41,17,10,576.00,"5,760.00"
458,2025012205023804,SMJC,41,48,140,574.00,"80,360.00"
459,2025012205023803,SMJC,41,39,100,573.00,"57,300.00"
460,2025012205023802,SMJC,41,49,50,572.00,"28,600.00"
461,2025012205023614,SMJC,47,81,490,571.00,"279,790.00"
462,2025012205023584,SMJC,57,81,20,571.00,"11,420.00"
463,2025012205023987,SONA,40,48,135,479.00,"64,665.00"
464,2025012205023766,SONA,19,48,10,479.00,"4,790.00"
465,2025012205023691,SONA,58,58,195,479.00,"93,405.00"
466,2025012205023658,SONA,68,58,110,479.00,"52,690.00"
467,2025012205023657,SONA,68,58,390,479.00,"186,810.00"
468,2025012205023621,SONA,10,58,110,479.00,"52,690.00"
469,2025012205023612,SONA,10,17,10,479.00,"4,790.00"
470,2025012205023605,SONA,10,47,10,479.00,"4,790.00"
471,2025012205023586,SONA,10,13,10,479.00,"4,790.00"
472,2025012205023622,STC,44,13,10,"5,345.00","53,450.00"
473,2025012205024057,VLUCL,14,48,10,730.00,"7,300.00"
474,2025012205024010,VLUCL,36,58,10,730.00,"7,300.00"
475,2025012205024002,VLUCL,65,41,125,735.00,"91,875.00"
476,2025012205024001,VLUCL,65,25,10,735.00,"7,350.00"
477,2025012205024000,VLUCL,65,16,10,735.00,"7,350.00"
478,2025012205023999,VLUCL,65,46,10,735.00,"7,350.00"
479,2025012205023652,VLUCL,36,51,97,730.00,"70,810.00"
480,2025012205023651,VLUCL,36,49,20,730.00,"14,600.00"
481,2025012205023650,VLUCL,36,57,60,730.00,"43,800.00"
482,2025012205023649,VLUCL,36,38,20,729.90,"14,598.00"
483,2025012205023725,VLUCL,36,50,404,730.00,"294,920.00"
484,2025012205023666,VLUCL,36,49,10,730.00,"7,300.00"
485,2025012205023656,VLUCL,36,45,10,730.00,"7,300.00"
486,2025012205023655,VLUCL,36,50,10,730.00,"7,300.00"
487,2025012205023654,VLUCL,36,46,10,730.00,"7,300.00"
488,2025012205023653,VLUCL,36,57,273,730.00,"199,290.00"
489,2025012205023992,VLUCL,65,48,200,732.00,"146,400.00"
490,2025012205023991,VLUCL,65,46,10,732.00,"7,320.00"
491,2025012205023990,VLUCL,65,26,100,731.00,"73,100.00"
492,2025012205023989,VLUCL,65,65,50,731.00,"36,550.00"
493,2025012205023963,VLUCL,36,58,10,730.00,"7,300.00"
494,2025012205023824,VLUCL,36,7,10,730.00,"7,300.00"
495,2025012205023998,VLUCL,65,22,10,735.00,"7,350.00"
496,2025012205023997,VLUCL,65,58,10,735.00,"7,350.00"
497,2025012205023996,VLUCL,65,16,10,734.90,"7,349.00"
498,2025012205023995,VLUCL,65,77,"1,285",733.50,"942,547.50"
499,2025012205023994,VLUCL,65,55,120,733.00,"87,960.00"
500,2025012205023993,VLUCL,65,38,50,732.90,"36,645.00"
